{
  "__type__": "cc.SpriteFrame",
  "content": {
    "name": "cankaotu_image",
    "atlas": "",
    "rect": {
      "x": 350,
      "y": 46,
      "width": 677,
      "height": 676
    },
    "offset": {
      "x": 0.5,
      "y": 0
    },
    "originalSize": {
      "width": 1376,
      "height": 768
    },
    "rotated": false,
    "capInsets": [
      0,
      0,
      0,
      0
    ],
    "vertices": {
      "rawPosition": [
        -338.5,
        -338,
        0,
        338.5,
        -338,
        0,
        -338.5,
        338,
        0,
        338.5,
        338,
        0
      ],
      "indexes": [
        0,
        1,
        2,
        2,
        1,
        3
      ],
      "uv": [
        350,
        722,
        1027,
        722,
        350,
        46,
        1027,
        46
      ],
      "nuv": [
        0.2543604651162791,
        0.059895833333333336,
        0.7463662790697675,
        0.059895833333333336,
        0.2543604651162791,
        0.9401041666666666,
        0.7463662790697675,
        0.9401041666666666
      ],
      "minPos": {
        "x": -338.5,
        "y": -338,
        "z": 0
      },
      "maxPos": {
        "x": 338.5,
        "y": 338,
        "z": 0
      }
    },
    "texture": "80a4a037-4017-4329-8eed-bd732728e6ef@6c48a",
    "packable": true,
    "pixelsToUnit": 100,
    "pivot": {
      "x": 0.5,
      "y": 0.5
    },
    "meshType": 0
  }
}